{"cameraMode":{"drawMode":0,"name":"Shaded","section":"Shading Mode"},"sceneLighting":true,"audioPlay":false,"sceneViewState":{"showFog":true,"showMaterialUpdate":false,"showSkybox":true,"showFlares":true,"showImageEffects":true,"showParticleSystems":true},"in2DMode":false,"pivot":{"x":3.7454452514648439,"y":-15.617385864257813,"z":4.2899932861328129},"rotation":{"x":-0.3164324462413788,"y":0.06736935675144196,"z":-0.022532757371664048,"w":-0.945954442024231},"size":103.07764434814453,"orthographic":false}